"","defect_id","defect_description","numActive","numDaysActive","numReopened","LOC","Total.num.days","Developer","Tester","Num.eff.dev.hours","Num.eff.testing.hours","Severity","Priority"
"136","BCGA-Q2-653A",136,5,1,3,49,2.9,"Aniketh","Philip",10.01,8.441,"Medium","Medium"
"145","BCGA-Q2-663A",145,2,3,0,24,3.88,"Vishal","Samson",11.91,9.682,"Low","Medium"
"90","TCGA-A8-A079",90,5,10,2,117,13.97,"Rabish","Samson",40.23,32.572,"Medium","Medium"
"37","TCGA-C8-A12P",37,3,3,0,31,4.07,"Prakash","Philip",12.86,10.498,"Low","Medium"
"130","BCGA-H2-637A",130,23,33,18,297,46.81,"Sunil","Philip",142.74,116.89,"High","High"
"5","TCGA-BH-A0E0",5,1,1,0,13,1.41,"Bikas","Mathew",4.34,3.534,"Low","Low"
"112","BCGA-G2-627A",112,11,15,6,177,21.73,"Sunil","Philip",64.92,52.954,"High","High"
"79","TCGA-A7-A0CJ",79,7,5,1,85,7.74,"Ajay","John",24.29,19.893,"Medium","Medium"
"68","TCGA-AR-A1AW",68,7,10,3,118,14.28,"Haresh","John",42.44,34.548,"High","High"
"47","TCGA-A7-A0CD",47,4,4,2,57,6.12,"Suresh","Philip",18.6,15.227,"Medium","Medium"
"154","BCGA-Q2-672A",154,4,2,2,59,3.96,"Aniketh","Philip",12.1,9.973,"Medium","Medium"
"1","TCGA-A2-A0T2",1,1,1,0,20,1.55,"Bikas","Sam",4.48,3.625,"Low","Low"
"127","BCGA-P2-637A",127,2,3,0,24,3.88,"Vishal","Samson",11.91,9.682,"Low","Medium"
"88","TCGA-A8-A06N",88,3,10,2,111,13.75,"Vinay","John",38.49,31.044,"Medium","Medium"
"7","TCGA-D8-A142",7,3,4,2,63,6.19,"Sunil","Donald",17.91,14.58,"Medium","Medium"
"65","TCGA-AN-A04A",65,8,15,4,203,21.72,"Prakash","John",61.87,50.091,"High","High"
"98","TCGA-AR-A0TV",98,5,11,3,148,15.88,"Prakash","Sam",44.69,36.128,"High","Medium"
"105","TCGA-E2-A15A",105,4,5,1,67,7.23,"Aniketh","Samson",21.5,17.484,"Medium","Medium"
"17","TCGA-AR-A0U4",17,4,6,2,76,8.7,"Bikas","Sam",25.52,20.754,"Medium","Medium"
"78","TCGA-A7-A13F",78,4,2,1,24,3.07,"Bikas","Donald",10.83,9.005,"Low","Medium"
"143","BCGA-Q2-660A",143,1,2,0,29,2.83,"Aniketh","Philip",7.93,6.382,"Low","Low"
"56","TCGA-A2-A0EV",56,5,8,2,108,11.59,"Aniketh","Mathew",33.51,27.175,"Medium","Medium"
"70","TCGA-BH-A0DG",70,7,15,2,212,21.47,"Tanmoy","Samson",60.1,48.457,"High","High"
"122","BCGA-G2-637A",122,2,4,0,52,5.54,"Sujay","John",15.74,12.686,"Medium","Medium"
"21","TCGA-C8-A131",21,4,5,2,80,7.68,"Akash","Mathew",22.33,18.166,"Medium","Medium"
"43","TCGA-C8-A138",43,8,16,3,201,22.59,"Mohan","Mathew",64.53,52.192,"High","High"
"152","BCGA-Q2-670A",152,7,5,1,85,7.74,"Ajay","John",24.29,19.893,"Medium","Medium"
"62","TCGA-A2-A0EX",62,7,15,3,187,21.16,"Sunil","Mathew",60.17,48.645,"High","High"
"57","TCGA-A2-A0YC",57,8,13,2,152,18.12,"Ajay","Samson",53.17,43.122,"High","High"
"54","TCGA-A2-A0T7",54,6,9,2,110,12.78,"Vishal","Donald",37.63,30.566,"Medium","Medium"
"4","TCGA-BH-A18Q",4,2,1,0,10,1.4,"Suresh","Samson",5.09,4.22,"Low","Low"
"23","TCGA-E2-A150",23,4,3,1,38,4.45,"Rabish","Sam",14.38,11.827,"Medium","Medium"
"138","BCGA-Q2-655A",138,8,15,6,138,20.8,"Haresh","John",61.71,50.272,"High","High"
"134","BCGA-Q2-651A",134,2,7,3,77,9.91,"Aniketh","Samson",27.76,22.47,"Medium","Medium"
"96","TCGA-AN-A0FK",96,7,12,3,163,17.38,"Tanmoy","Mike",49.88,40.413,"High","High"
"29","TCGA-A2-A0D1",29,2,4,1,55,5.79,"Vishal","Mathew",16.37,13.238,"Medium","Medium"
"135","BCGA-Q2-652A",135,3,6,1,53,8,"Bikas","Mike",23.68,19.217,"Medium","Medium"
"50","TCGA-A2-A0YL",50,7,2,1,7,2.88,"Vinay","Mathew",12.92,10.959,"Low","Medium"
"80","TCGA-A2-A0T3",80,4,15,0,141,19.52,"Anil","Philip",55.11,44.333,"High","High"
"109","BCGA-G2-624A",109,7,12,2,132,16.57,"Mohan","Sam",48.69,39.497,"High","High"
"107","BCGA-J2-616A",107,6,8,2,89,11.26,"Prakash","John",33.94,27.653,"Medium","Medium"
"45","TCGA-BH-A18N",45,2,2,0,37,3.04,"Sujay","Donald",8.9,7.211,"Low","Low"
"58","TCGA-AO-A0J9",58,6,4,1,41,5.71,"Anil","Mathew",19.33,15.956,"Medium","Medium"
"38","TCGA-C8-A12Q",38,8,13,3,159,18.45,"Sunil","Mathew",53.88,43.726,"High","High"
"153","BCGA-Q2-671A",153,2,2,0,29,2.88,"Suresh","Sam",8.74,7.107,"Low","Low"
"113","BCGA-H2-628A",113,2,3,0,47,4.34,"Vishal","Sam",12.37,9.981,"Medium","Low"
"155","BCGA-Q2-673A",155,7,5,1,85,7.74,"Ajay","John",24.29,19.893,"Medium","Medium"
"33","TCGA-A8-A076",33,4,8,3,106,11.69,"Sujay","Sam",33.23,26.937,"Medium","Medium"
"74","TCGA-A2-A0SW",74,4,14,1,167,19.13,"Suresh","Donald",52.93,42.544,"High","High"
"93","TCGA-AN-A0AJ",93,10,15,3,173,21.03,"Prakash","Sam",62.32,50.638,"High","High"
"156","BCGA-Q2-674A",156,5,8,1,167,12.58,"Suresh","Samson",34.12,27.429,"High","Medium"
"75","TCGA-BH-A18U",75,2,3,0,24,3.88,"Vishal","Samson",11.91,9.682,"Low","Medium"
"114","BCGA-I2-629A",114,5,1,3,49,2.9,"Aniketh","Philip",10.01,8.441,"Medium","Medium"
"82","TCGA-A2-A0EY",82,5,15,2,167,20.47,"Vijay","Sam",57.58,46.422,"High","High"
"32","TCGA-A2-A0EQ",32,1,1,0,20,1.55,"Vijay","Philip",4.48,3.625,"Low","Low"
"19","TCGA-BH-A0AV",19,13,8,5,267,15.74,"Sunil","Philip",44.88,36.581,"High","Medium"
"36","TCGA-C8-A12L",36,4,5,1,57,7.03,"Bikas","Mike",21.3,17.354,"Medium","Medium"
"24","TCGA-E2-A158",24,3,2,0,41,3.17,"Prakash","Samson",9.79,7.988,"Medium","Low"
"9","TCGA-AO-A0J6",9,12,17,5,233,24.91,"Bikas","Mathew",72.82,59.174,"High","High"
"41","TCGA-C8-A130",41,1,1,0,18,1.51,"Ajay","Sam",4.44,3.599,"Low","Low"
"125","BCGA-X2-637A",125,7,15,3,187,21.16,"Sunil","Mathew",60.17,48.645,"High","High"
"91","TCGA-A8-A08G",91,5,7,2,85,10.03,"Prakash","John",29.78,24.236,"Medium","Medium"
"60","TCGA-AO-A12E",60,4,3,2,59,5.06,"Vijay","Mathew",15.37,12.613,"Medium","Medium"
"49","TCGA-A2-A0YI",49,2,2,0,31,2.92,"Vishal","Samson",8.78,7.133,"Low","Low"
"20","TCGA-C8-A12V",20,2,1,0,12,1.44,"Suresh","Samson",5.13,4.246,"Low","Low"
"151","BCGA-Q2-669A",151,11,14,2,153,19.39,"Prakash","Donald",58.89,47.95,"High","High"
"8","TCGA-A2-A0D0",8,10,14,6,183,20.7,"Suresh","Samson",60.96,49.667,"High","High"
"67","TCGA-AR-A1AS",67,2,2,0,29,2.88,"Suresh","Sam",8.74,7.107,"Low","Low"
"27","TCGA-A2-A0T1",27,3,8,2,95,11.23,"Rabish","Philip",31.63,25.556,"Medium","Medium"
"92","TCGA-A8-A09I",92,3,2,1,32,3.18,"Rabish","Mathew",10.18,8.384,"Low","Medium"
"159","BCGA-Q2-677A",159,14,17,8,207,25.06,"Raghu","Samson",75.63,61.825,"High","High"
"102","TCGA-BH-A0DD",102,6,11,3,127,15.51,"Tanmoy","Mathew",45.08,36.58,"High","High"
"104","TCGA-C8-A12W",104,2,3,0,30,4,"Vinay","Philip",12.03,9.76,"Low","Medium"
"103","TCGA-C8-A12U",103,7,5,4,59,7.79,"Vishal","John",25.48,21.094,"Medium","Medium"
"61","TCGA-AO-A126",61,5,8,1,100,11.24,"Sujay","Mike",32.78,26.558,"Medium","Medium"
"150","BCGA-Q2-668A",150,2,3,0,49,4.38,"Haresh","Philip",12.41,10.007,"Medium","Low"
"86","TCGA-AO-A0JM",86,2,4,0,43,5.36,"Bikas","Mathew",15.56,12.569,"Medium","Medium"
"95","TCGA-AN-A0AS",95,6,10,2,122,14.12,"Raghu","Mathew",41.14,33.362,"High","High"
"48","TCGA-BH-A0HP",48,2,3,2,26,4.3,"Bikas","John",13.09,10.734,"Low","Medium"
"139","BCGA-Q2-656A",139,2,3,0,47,4.34,"Vishal","Sam",12.37,9.981,"Medium","Low"
"34","TCGA-A8-A09G",34,1,2,0,95,4.15,"Sunil","Samson",9.25,7.24,"Medium","Low"
"142","BCGA-Q2-659A",142,5,10,2,117,13.97,"Rabish","Samson",40.23,32.572,"Medium","Medium"
"94","TCGA-AN-A0AM",94,4,5,0,59,6.88,"Haresh","Samson",20.77,16.867,"Medium","Medium"
"77","TCGA-D8-A13Y",77,3,15,1,189,20.62,"Aniketh","Mike",55.83,44.745,"High","High"
"141","BCGA-Q2-658A",141,2,4,0,52,5.54,"Sujay","John",15.74,12.686,"Medium","Medium"
